{"cameraMode":{"drawMode":0,"name":"Shaded","section":"Shading Mode"},"sceneLighting":false,"audioPlay":false,"sceneViewState":{"showFog":true,"showMaterialUpdate":false,"showSkybox":true,"showFlares":true,"showImageEffects":true,"showParticleSystems":true},"in2DMode":false,"pivot":{"x":0.029886364936828615,"y":0.02781355381011963,"z":3.95149827003479},"rotation":{"x":0.13653069734573365,"y":0.10233740508556366,"z":-0.014181560836732388,"w":0.9852336645126343},"size":3.321544885635376,"orthographic":true}