{"cameraMode":{"drawMode":0,"name":"Shaded","section":"Shading Mode"},"sceneLighting":false,"audioPlay":false,"sceneViewState":{"showFog":true,"showMaterialUpdate":false,"showSkybox":true,"showFlares":true,"showImageEffects":true,"showParticleSystems":true},"in2DMode":false,"pivot":{"x":3.029886245727539,"y":-0.06922197341918946,"z":3.975410223007202},"rotation":{"x":0.13653069734573365,"y":0.10233740508556366,"z":-0.014181560836732388,"w":0.9852336645126343},"size":2.936490297317505,"orthographic":true}